,Survived,Pclass,Sex,Age,SibSp,Parch,Category,group_age,Age_group
0,0,3,male,22.0,1,0,Man,Adults,"(20, 30]"
1,1,1,female,38.0,1,0,Woman,Adults,"(30, 40]"
2,1,3,female,26.0,0,0,Woman,Adults,"(20, 30]"
3,1,1,female,35.0,1,0,Woman,Adults,"(30, 40]"
4,0,3,male,35.0,0,0,Man,Adults,"(30, 40]"
5,0,3,male,25.0,0,0,Man,Adults,"(20, 30]"
6,0,1,male,54.0,0,0,Man,Seniors,"(50, 60]"
7,0,3,male,2.0,3,1,child,Childs,"(0, 10]"
8,1,3,female,27.0,0,2,Woman,Adults,"(20, 30]"
9,1,2,female,14.0,1,0,child,Childs,"(10, 20]"
10,1,3,female,4.0,1,1,child,Childs,"(0, 10]"
11,1,1,female,58.0,0,0,Woman,Seniors,"(50, 60]"
12,0,3,male,20.0,0,0,Man,Adults,"(10, 20]"
13,0,3,male,39.0,1,5,Man,Adults,"(30, 40]"
14,0,3,female,14.0,0,0,child,Childs,"(10, 20]"
15,1,2,female,55.0,0,0,Woman,Seniors,"(50, 60]"
16,0,3,male,2.0,4,1,child,Childs,"(0, 10]"
17,1,2,male,30.0,0,0,Man,Adults,"(20, 30]"
18,0,3,female,31.0,1,0,Woman,Adults,"(30, 40]"
19,1,3,female,21.5,0,0,Woman,Adults,"(20, 30]"
20,0,2,male,35.0,0,0,Man,Adults,"(30, 40]"
21,1,2,male,34.0,0,0,Man,Adults,"(30, 40]"
22,1,3,female,15.0,0,0,child,Childs,"(10, 20]"
23,1,1,male,28.0,0,0,Man,Adults,"(20, 30]"
24,0,3,female,8.0,3,1,child,Childs,"(0, 10]"
25,1,3,female,38.0,1,5,Woman,Adults,"(30, 40]"
26,0,3,male,25.0,0,0,Man,Adults,"(20, 30]"
27,0,1,male,19.0,3,2,Man,Adults,"(10, 20]"
28,1,3,female,21.5,0,0,Woman,Adults,"(20, 30]"
29,0,3,male,25.0,0,0,Man,Adults,"(20, 30]"
30,0,1,male,40.0,0,0,Man,Adults,"(30, 40]"
31,1,1,female,35.0,1,0,Woman,Adults,"(30, 40]"
32,1,3,female,21.5,0,0,Woman,Adults,"(20, 30]"
33,0,2,male,66.0,0,0,Man,Seniors,"(60, 70]"
34,0,1,male,28.0,1,0,Man,Adults,"(20, 30]"
35,0,1,male,42.0,1,0,Man,Seniors,"(40, 50]"
36,1,3,male,25.0,0,0,Man,Adults,"(20, 30]"
37,0,3,male,21.0,0,0,Man,Adults,"(20, 30]"
38,0,3,female,18.0,2,0,Woman,Childs,"(10, 20]"
39,1,3,female,14.0,1,0,child,Childs,"(10, 20]"
40,0,3,female,40.0,1,0,Woman,Adults,"(30, 40]"
41,0,2,female,27.0,1,0,Woman,Adults,"(20, 30]"
42,0,3,male,25.0,0,0,Man,Adults,"(20, 30]"
43,1,2,female,3.0,1,2,child,Childs,"(0, 10]"
44,1,3,female,19.0,0,0,Woman,Adults,"(10, 20]"
45,0,3,male,25.0,0,0,Man,Adults,"(20, 30]"
46,0,3,male,25.0,1,0,Man,Adults,"(20, 30]"
47,1,3,female,21.5,0,0,Woman,Adults,"(20, 30]"
48,0,3,male,25.0,2,0,Man,Adults,"(20, 30]"
49,0,3,female,18.0,1,0,Woman,Childs,"(10, 20]"
50,0,3,male,7.0,4,1,child,Childs,"(0, 10]"
51,0,3,male,21.0,0,0,Man,Adults,"(20, 30]"
52,1,1,female,49.0,1,0,Woman,Seniors,"(40, 50]"
53,1,2,female,29.0,1,0,Woman,Adults,"(20, 30]"
54,0,1,male,65.0,0,1,Man,Seniors,"(60, 70]"
55,1,1,male,40.0,0,0,Man,Adults,"(30, 40]"
56,1,2,female,21.0,0,0,Woman,Adults,"(20, 30]"
57,0,3,male,28.5,0,0,Man,Adults,"(20, 30]"
58,1,2,female,5.0,1,2,child,Childs,"(0, 10]"
59,0,3,male,11.0,5,2,child,Childs,"(10, 20]"
60,0,3,male,22.0,0,0,Man,Adults,"(20, 30]"
61,1,1,female,38.0,0,0,Woman,Adults,"(30, 40]"
62,0,1,male,45.0,1,0,Man,Seniors,"(40, 50]"
63,0,3,male,4.0,3,2,child,Childs,"(0, 10]"
64,0,1,male,40.0,0,0,Man,Adults,"(30, 40]"
65,1,3,male,25.0,1,1,Man,Adults,"(20, 30]"
66,1,2,female,29.0,0,0,Woman,Adults,"(20, 30]"
67,0,3,male,19.0,0,0,Man,Adults,"(10, 20]"
68,1,3,female,17.0,4,2,child,Childs,"(10, 20]"
69,0,3,male,26.0,2,0,Man,Adults,"(20, 30]"
70,0,2,male,32.0,0,0,Man,Adults,"(30, 40]"
71,0,3,female,16.0,5,2,child,Childs,"(10, 20]"
72,0,2,male,21.0,0,0,Man,Adults,"(20, 30]"
73,0,3,male,26.0,1,0,Man,Adults,"(20, 30]"
74,1,3,male,32.0,0,0,Man,Adults,"(30, 40]"
75,0,3,male,25.0,0,0,Man,Adults,"(20, 30]"
76,0,3,male,25.0,0,0,Man,Adults,"(20, 30]"
77,0,3,male,25.0,0,0,Man,Adults,"(20, 30]"
78,1,2,male,0.83,0,2,child,Childs,"(0, 10]"
79,1,3,female,30.0,0,0,Woman,Adults,"(20, 30]"
80,0,3,male,22.0,0,0,Man,Adults,"(20, 30]"
81,1,3,male,29.0,0,0,Man,Adults,"(20, 30]"
82,1,3,female,21.5,0,0,Woman,Adults,"(20, 30]"
83,0,1,male,28.0,0,0,Man,Adults,"(20, 30]"
84,1,2,female,17.0,0,0,child,Childs,"(10, 20]"
85,1,3,female,33.0,3,0,Woman,Adults,"(30, 40]"
86,0,3,male,16.0,1,3,child,Childs,"(10, 20]"
87,0,3,male,25.0,0,0,Man,Adults,"(20, 30]"
88,1,1,female,23.0,3,2,Woman,Adults,"(20, 30]"
89,0,3,male,24.0,0,0,Man,Adults,"(20, 30]"
90,0,3,male,29.0,0,0,Man,Adults,"(20, 30]"
91,0,3,male,20.0,0,0,Man,Adults,"(10, 20]"
92,0,1,male,46.0,1,0,Man,Seniors,"(40, 50]"
93,0,3,male,26.0,1,2,Man,Adults,"(20, 30]"
94,0,3,male,59.0,0,0,Man,Seniors,"(50, 60]"
95,0,3,male,25.0,0,0,Man,Adults,"(20, 30]"
96,0,1,male,71.0,0,0,Man,Seniors,"(70, 80]"
97,1,1,male,23.0,0,1,Man,Adults,"(20, 30]"
98,1,2,female,34.0,0,1,Woman,Adults,"(30, 40]"
99,0,2,male,34.0,1,0,Man,Adults,"(30, 40]"
100,0,3,female,28.0,0,0,Woman,Adults,"(20, 30]"
101,0,3,male,25.0,0,0,Man,Adults,"(20, 30]"
102,0,1,male,21.0,0,1,Man,Adults,"(20, 30]"
103,0,3,male,33.0,0,0,Man,Adults,"(30, 40]"
104,0,3,male,37.0,2,0,Man,Adults,"(30, 40]"
105,0,3,male,28.0,0,0,Man,Adults,"(20, 30]"
106,1,3,female,21.0,0,0,Woman,Adults,"(20, 30]"
107,1,3,male,25.0,0,0,Man,Adults,"(20, 30]"
108,0,3,male,38.0,0,0,Man,Adults,"(30, 40]"
109,1,3,female,21.5,1,0,Woman,Adults,"(20, 30]"
110,0,1,male,47.0,0,0,Man,Seniors,"(40, 50]"
111,0,3,female,14.5,1,0,child,Childs,"(10, 20]"
112,0,3,male,22.0,0,0,Man,Adults,"(20, 30]"
113,0,3,female,20.0,1,0,Woman,Adults,"(10, 20]"
114,0,3,female,17.0,0,0,child,Childs,"(10, 20]"
115,0,3,male,21.0,0,0,Man,Adults,"(20, 30]"
116,0,3,male,70.5,0,0,Man,Seniors,"(70, 80]"
117,0,2,male,29.0,1,0,Man,Adults,"(20, 30]"
118,0,1,male,24.0,0,1,Man,Adults,"(20, 30]"
119,0,3,female,2.0,4,2,child,Childs,"(0, 10]"
120,0,2,male,21.0,2,0,Man,Adults,"(20, 30]"
121,0,3,male,25.0,0,0,Man,Adults,"(20, 30]"
122,0,2,male,32.5,1,0,Man,Adults,"(30, 40]"
123,1,2,female,32.5,0,0,Woman,Adults,"(30, 40]"
124,0,1,male,54.0,0,1,Man,Seniors,"(50, 60]"
125,1,3,male,12.0,1,0,child,Childs,"(10, 20]"
126,0,3,male,25.0,0,0,Man,Adults,"(20, 30]"
127,1,3,male,24.0,0,0,Man,Adults,"(20, 30]"
128,1,3,female,21.5,1,1,Woman,Adults,"(20, 30]"
129,0,3,male,45.0,0,0,Man,Seniors,"(40, 50]"
130,0,3,male,33.0,0,0,Man,Adults,"(30, 40]"
131,0,3,male,20.0,0,0,Man,Adults,"(10, 20]"
132,0,3,female,47.0,1,0,Woman,Seniors,"(40, 50]"
133,1,2,female,29.0,1,0,Woman,Adults,"(20, 30]"
134,0,2,male,25.0,0,0,Man,Adults,"(20, 30]"
135,0,2,male,23.0,0,0,Man,Adults,"(20, 30]"
136,1,1,female,19.0,0,2,Woman,Adults,"(10, 20]"
137,0,1,male,37.0,1,0,Man,Adults,"(30, 40]"
138,0,3,male,16.0,0,0,child,Childs,"(10, 20]"
139,0,1,male,24.0,0,0,Man,Adults,"(20, 30]"
140,0,3,female,21.5,0,2,Woman,Adults,"(20, 30]"
141,1,3,female,22.0,0,0,Woman,Adults,"(20, 30]"
142,1,3,female,24.0,1,0,Woman,Adults,"(20, 30]"
143,0,3,male,19.0,0,0,Man,Adults,"(10, 20]"
144,0,2,male,18.0,0,0,Man,Childs,"(10, 20]"
145,0,2,male,19.0,1,1,Man,Adults,"(10, 20]"
146,1,3,male,27.0,0,0,Man,Adults,"(20, 30]"
147,0,3,female,9.0,2,2,child,Childs,"(0, 10]"
148,0,2,male,36.5,0,2,Man,Adults,"(30, 40]"
149,0,2,male,42.0,0,0,Man,Seniors,"(40, 50]"
150,0,2,male,51.0,0,0,Man,Seniors,"(50, 60]"
151,1,1,female,22.0,1,0,Woman,Adults,"(20, 30]"
152,0,3,male,55.5,0,0,Man,Seniors,"(50, 60]"
153,0,3,male,40.5,0,2,Man,Seniors,"(40, 50]"
154,0,3,male,25.0,0,0,Man,Adults,"(20, 30]"
155,0,1,male,51.0,0,1,Man,Seniors,"(50, 60]"
156,1,3,female,16.0,0,0,child,Childs,"(10, 20]"
157,0,3,male,30.0,0,0,Man,Adults,"(20, 30]"
158,0,3,male,25.0,0,0,Man,Adults,"(20, 30]"
159,0,3,male,25.0,8,2,Man,Adults,"(20, 30]"
160,0,3,male,44.0,0,1,Man,Seniors,"(40, 50]"
161,1,2,female,40.0,0,0,Woman,Adults,"(30, 40]"
162,0,3,male,26.0,0,0,Man,Adults,"(20, 30]"
163,0,3,male,17.0,0,0,child,Childs,"(10, 20]"
164,0,3,male,1.0,4,1,child,Childs,"(0, 10]"
165,1,3,male,9.0,0,2,child,Childs,"(0, 10]"
166,1,1,female,35.0,0,1,Woman,Adults,"(30, 40]"
167,0,3,female,45.0,1,4,Woman,Seniors,"(40, 50]"
168,0,1,male,40.0,0,0,Man,Adults,"(30, 40]"
169,0,3,male,28.0,0,0,Man,Adults,"(20, 30]"
170,0,1,male,61.0,0,0,Man,Seniors,"(60, 70]"
171,0,3,male,4.0,4,1,child,Childs,"(0, 10]"
172,1,3,female,1.0,1,1,child,Childs,"(0, 10]"
173,0,3,male,21.0,0,0,Man,Adults,"(20, 30]"
174,0,1,male,56.0,0,0,Man,Seniors,"(50, 60]"
175,0,3,male,18.0,1,1,Man,Childs,"(10, 20]"
176,0,3,male,25.0,3,1,Man,Adults,"(20, 30]"
177,0,1,female,50.0,0,0,Woman,Seniors,"(40, 50]"
178,0,2,male,30.0,0,0,Man,Adults,"(20, 30]"
179,0,3,male,36.0,0,0,Man,Adults,"(30, 40]"
180,0,3,female,21.5,8,2,Woman,Adults,"(20, 30]"
181,0,2,male,30.0,0,0,Man,Adults,"(20, 30]"
182,0,3,male,9.0,4,2,child,Childs,"(0, 10]"
183,1,2,male,1.0,2,1,child,Childs,"(0, 10]"
184,1,3,female,4.0,0,2,child,Childs,"(0, 10]"
185,0,1,male,40.0,0,0,Man,Adults,"(30, 40]"
186,1,3,female,21.5,1,0,Woman,Adults,"(20, 30]"
187,1,1,male,45.0,0,0,Man,Seniors,"(40, 50]"
188,0,3,male,40.0,1,1,Man,Adults,"(30, 40]"
189,0,3,male,36.0,0,0,Man,Adults,"(30, 40]"
190,1,2,female,32.0,0,0,Woman,Adults,"(30, 40]"
191,0,2,male,19.0,0,0,Man,Adults,"(10, 20]"
192,1,3,female,19.0,1,0,Woman,Adults,"(10, 20]"
193,1,2,male,3.0,1,1,child,Childs,"(0, 10]"
194,1,1,female,44.0,0,0,Woman,Seniors,"(40, 50]"
195,1,1,female,58.0,0,0,Woman,Seniors,"(50, 60]"
196,0,3,male,25.0,0,0,Man,Adults,"(20, 30]"
197,0,3,male,42.0,0,1,Man,Seniors,"(40, 50]"
198,1,3,female,21.5,0,0,Woman,Adults,"(20, 30]"
199,0,2,female,24.0,0,0,Woman,Adults,"(20, 30]"
200,0,3,male,28.0,0,0,Man,Adults,"(20, 30]"
201,0,3,male,25.0,8,2,Man,Adults,"(20, 30]"
202,0,3,male,34.0,0,0,Man,Adults,"(30, 40]"
203,0,3,male,45.5,0,0,Man,Seniors,"(40, 50]"
204,1,3,male,18.0,0,0,Man,Childs,"(10, 20]"
205,0,3,female,2.0,0,1,child,Childs,"(0, 10]"
206,0,3,male,32.0,1,0,Man,Adults,"(30, 40]"
207,1,3,male,26.0,0,0,Man,Adults,"(20, 30]"
208,1,3,female,16.0,0,0,child,Childs,"(10, 20]"
209,1,1,male,40.0,0,0,Man,Adults,"(30, 40]"
210,0,3,male,24.0,0,0,Man,Adults,"(20, 30]"
211,1,2,female,35.0,0,0,Woman,Adults,"(30, 40]"
212,0,3,male,22.0,0,0,Man,Adults,"(20, 30]"
213,0,2,male,30.0,0,0,Man,Adults,"(20, 30]"
214,0,3,male,25.0,1,0,Man,Adults,"(20, 30]"
215,1,1,female,31.0,1,0,Woman,Adults,"(30, 40]"
216,1,3,female,27.0,0,0,Woman,Adults,"(20, 30]"
217,0,2,male,42.0,1,0,Man,Seniors,"(40, 50]"
218,1,1,female,32.0,0,0,Woman,Adults,"(30, 40]"
219,0,2,male,30.0,0,0,Man,Adults,"(20, 30]"
220,1,3,male,16.0,0,0,child,Childs,"(10, 20]"
221,0,2,male,27.0,0,0,Man,Adults,"(20, 30]"
222,0,3,male,51.0,0,0,Man,Seniors,"(50, 60]"
223,0,3,male,25.0,0,0,Man,Adults,"(20, 30]"
224,1,1,male,38.0,1,0,Man,Adults,"(30, 40]"
225,0,3,male,22.0,0,0,Man,Adults,"(20, 30]"
226,1,2,male,19.0,0,0,Man,Adults,"(10, 20]"
227,0,3,male,20.5,0,0,Man,Adults,"(20, 30]"
228,0,2,male,18.0,0,0,Man,Childs,"(10, 20]"
229,0,3,female,21.5,3,1,Woman,Adults,"(20, 30]"
230,1,1,female,35.0,1,0,Woman,Adults,"(30, 40]"
231,0,3,male,29.0,0,0,Man,Adults,"(20, 30]"
232,0,2,male,59.0,0,0,Man,Seniors,"(50, 60]"
233,1,3,female,5.0,4,2,child,Childs,"(0, 10]"
234,0,2,male,24.0,0,0,Man,Adults,"(20, 30]"
235,0,3,female,21.5,0,0,Woman,Adults,"(20, 30]"
236,0,2,male,44.0,1,0,Man,Seniors,"(40, 50]"
237,1,2,female,8.0,0,2,child,Childs,"(0, 10]"
238,0,2,male,19.0,0,0,Man,Adults,"(10, 20]"
239,0,2,male,33.0,0,0,Man,Adults,"(30, 40]"
240,0,3,female,21.5,1,0,Woman,Adults,"(20, 30]"
241,1,3,female,21.5,1,0,Woman,Adults,"(20, 30]"
242,0,2,male,29.0,0,0,Man,Adults,"(20, 30]"
243,0,3,male,22.0,0,0,Man,Adults,"(20, 30]"
244,0,3,male,30.0,0,0,Man,Adults,"(20, 30]"
245,0,1,male,44.0,2,0,Man,Seniors,"(40, 50]"
246,0,3,female,25.0,0,0,Woman,Adults,"(20, 30]"
247,1,2,female,24.0,0,2,Woman,Adults,"(20, 30]"
248,1,1,male,37.0,1,1,Man,Adults,"(30, 40]"
249,0,2,male,54.0,1,0,Man,Seniors,"(50, 60]"
250,0,3,male,25.0,0,0,Man,Adults,"(20, 30]"
251,0,3,female,29.0,1,1,Woman,Adults,"(20, 30]"
252,0,1,male,62.0,0,0,Man,Seniors,"(60, 70]"
253,0,3,male,30.0,1,0,Man,Adults,"(20, 30]"
254,0,3,female,41.0,0,2,Woman,Seniors,"(40, 50]"
255,1,3,female,29.0,0,2,Woman,Adults,"(20, 30]"
256,1,1,female,35.0,0,0,Woman,Adults,"(30, 40]"
257,1,1,female,30.0,0,0,Woman,Adults,"(20, 30]"
258,1,1,female,35.0,0,0,Woman,Adults,"(30, 40]"
259,1,2,female,50.0,0,1,Woman,Seniors,"(40, 50]"
260,0,3,male,25.0,0,0,Man,Adults,"(20, 30]"
261,1,3,male,3.0,4,2,child,Childs,"(0, 10]"
262,0,1,male,52.0,1,1,Man,Seniors,"(50, 60]"
263,0,1,male,40.0,0,0,Man,Adults,"(30, 40]"
264,0,3,female,21.5,0,0,Woman,Adults,"(20, 30]"
265,0,2,male,36.0,0,0,Man,Adults,"(30, 40]"
266,0,3,male,16.0,4,1,child,Childs,"(10, 20]"
267,1,3,male,25.0,1,0,Man,Adults,"(20, 30]"
268,1,1,female,58.0,0,1,Woman,Seniors,"(50, 60]"
269,1,1,female,35.0,0,0,Woman,Adults,"(30, 40]"
270,0,1,male,40.0,0,0,Man,Adults,"(30, 40]"
271,1,3,male,25.0,0,0,Man,Adults,"(20, 30]"
272,1,2,female,41.0,0,1,Woman,Seniors,"(40, 50]"
273,0,1,male,37.0,0,1,Man,Adults,"(30, 40]"
274,1,3,female,21.5,0,0,Woman,Adults,"(20, 30]"
275,1,1,female,63.0,1,0,Woman,Seniors,"(60, 70]"
276,0,3,female,45.0,0,0,Woman,Seniors,"(40, 50]"
277,0,2,male,30.0,0,0,Man,Adults,"(20, 30]"
278,0,3,male,7.0,4,1,child,Childs,"(0, 10]"
279,1,3,female,35.0,1,1,Woman,Adults,"(30, 40]"
280,0,3,male,65.0,0,0,Man,Seniors,"(60, 70]"
281,0,3,male,28.0,0,0,Man,Adults,"(20, 30]"
282,0,3,male,16.0,0,0,child,Childs,"(10, 20]"
283,1,3,male,19.0,0,0,Man,Adults,"(10, 20]"
284,0,1,male,40.0,0,0,Man,Adults,"(30, 40]"
285,0,3,male,33.0,0,0,Man,Adults,"(30, 40]"
286,1,3,male,30.0,0,0,Man,Adults,"(20, 30]"
287,0,3,male,22.0,0,0,Man,Adults,"(20, 30]"
288,1,2,male,42.0,0,0,Man,Seniors,"(40, 50]"
289,1,3,female,22.0,0,0,Woman,Adults,"(20, 30]"
290,1,1,female,26.0,0,0,Woman,Adults,"(20, 30]"
291,1,1,female,19.0,1,0,Woman,Adults,"(10, 20]"
292,0,2,male,36.0,0,0,Man,Adults,"(30, 40]"
293,0,3,female,24.0,0,0,Woman,Adults,"(20, 30]"
294,0,3,male,24.0,0,0,Man,Adults,"(20, 30]"
295,0,1,male,40.0,0,0,Man,Adults,"(30, 40]"
296,0,3,male,23.5,0,0,Man,Adults,"(20, 30]"
297,0,1,female,2.0,1,2,child,Childs,"(0, 10]"
298,1,1,male,40.0,0,0,Man,Adults,"(30, 40]"
299,1,1,female,50.0,0,1,Woman,Seniors,"(40, 50]"
300,1,3,female,21.5,0,0,Woman,Adults,"(20, 30]"
301,1,3,male,25.0,2,0,Man,Adults,"(20, 30]"
302,0,3,male,19.0,0,0,Man,Adults,"(10, 20]"
303,1,2,female,28.0,0,0,Woman,Adults,"(20, 30]"
304,0,3,male,25.0,0,0,Man,Adults,"(20, 30]"
305,1,1,male,0.92,1,2,child,Childs,"(0, 10]"
306,1,1,female,35.0,0,0,Woman,Adults,"(30, 40]"
307,1,1,female,17.0,1,0,child,Childs,"(10, 20]"
308,0,2,male,30.0,1,0,Man,Adults,"(20, 30]"
309,1,1,female,30.0,0,0,Woman,Adults,"(20, 30]"
310,1,1,female,24.0,0,0,Woman,Adults,"(20, 30]"
311,1,1,female,18.0,2,2,Woman,Childs,"(10, 20]"
312,0,2,female,26.0,1,1,Woman,Adults,"(20, 30]"
313,0,3,male,28.0,0,0,Man,Adults,"(20, 30]"
314,0,2,male,43.0,1,1,Man,Seniors,"(40, 50]"
315,1,3,female,26.0,0,0,Woman,Adults,"(20, 30]"
316,1,2,female,24.0,1,0,Woman,Adults,"(20, 30]"
317,0,2,male,54.0,0,0,Man,Seniors,"(50, 60]"
318,1,1,female,31.0,0,2,Woman,Adults,"(30, 40]"
319,1,1,female,40.0,1,1,Woman,Adults,"(30, 40]"
320,0,3,male,22.0,0,0,Man,Adults,"(20, 30]"
321,0,3,male,27.0,0,0,Man,Adults,"(20, 30]"
322,1,2,female,30.0,0,0,Woman,Adults,"(20, 30]"
323,1,2,female,22.0,1,1,Woman,Adults,"(20, 30]"
324,0,3,male,25.0,8,2,Man,Adults,"(20, 30]"
325,1,1,female,36.0,0,0,Woman,Adults,"(30, 40]"
326,0,3,male,61.0,0,0,Man,Seniors,"(60, 70]"
327,1,2,female,36.0,0,0,Woman,Adults,"(30, 40]"
328,1,3,female,31.0,1,1,Woman,Adults,"(30, 40]"
329,1,1,female,16.0,0,1,child,Childs,"(10, 20]"
330,1,3,female,21.5,2,0,Woman,Adults,"(20, 30]"
331,0,1,male,45.5,0,0,Man,Seniors,"(40, 50]"
332,0,1,male,38.0,0,1,Man,Adults,"(30, 40]"
333,0,3,male,16.0,2,0,child,Childs,"(10, 20]"
334,1,1,female,35.0,1,0,Woman,Adults,"(30, 40]"
335,0,3,male,25.0,0,0,Man,Adults,"(20, 30]"
336,0,1,male,29.0,1,0,Man,Adults,"(20, 30]"
337,1,1,female,41.0,0,0,Woman,Seniors,"(40, 50]"
338,1,3,male,45.0,0,0,Man,Seniors,"(40, 50]"
339,0,1,male,45.0,0,0,Man,Seniors,"(40, 50]"
340,1,2,male,2.0,1,1,child,Childs,"(0, 10]"
341,1,1,female,24.0,3,2,Woman,Adults,"(20, 30]"
342,0,2,male,28.0,0,0,Man,Adults,"(20, 30]"
343,0,2,male,25.0,0,0,Man,Adults,"(20, 30]"
344,0,2,male,36.0,0,0,Man,Adults,"(30, 40]"
345,1,2,female,24.0,0,0,Woman,Adults,"(20, 30]"
346,1,2,female,40.0,0,0,Woman,Adults,"(30, 40]"
347,1,3,female,21.5,1,0,Woman,Adults,"(20, 30]"
348,1,3,male,3.0,1,1,child,Childs,"(0, 10]"
349,0,3,male,42.0,0,0,Man,Seniors,"(40, 50]"
350,0,3,male,23.0,0,0,Man,Adults,"(20, 30]"
351,0,1,male,40.0,0,0,Man,Adults,"(30, 40]"
352,0,3,male,15.0,1,1,child,Childs,"(10, 20]"
353,0,3,male,25.0,1,0,Man,Adults,"(20, 30]"
354,0,3,male,25.0,0,0,Man,Adults,"(20, 30]"
355,0,3,male,28.0,0,0,Man,Adults,"(20, 30]"
356,1,1,female,22.0,0,1,Woman,Adults,"(20, 30]"
357,0,2,female,38.0,0,0,Woman,Adults,"(30, 40]"
358,1,3,female,21.5,0,0,Woman,Adults,"(20, 30]"
359,1,3,female,21.5,0,0,Woman,Adults,"(20, 30]"
360,0,3,male,40.0,1,4,Man,Adults,"(30, 40]"
361,0,2,male,29.0,1,0,Man,Adults,"(20, 30]"
362,0,3,female,45.0,0,1,Woman,Seniors,"(40, 50]"
363,0,3,male,35.0,0,0,Man,Adults,"(30, 40]"
364,0,3,male,25.0,1,0,Man,Adults,"(20, 30]"
365,0,3,male,30.0,0,0,Man,Adults,"(20, 30]"
366,1,1,female,60.0,1,0,Woman,Seniors,"(50, 60]"
367,1,3,female,21.5,0,0,Woman,Adults,"(20, 30]"
368,1,3,female,21.5,0,0,Woman,Adults,"(20, 30]"
369,1,1,female,24.0,0,0,Woman,Adults,"(20, 30]"
370,1,1,male,25.0,1,0,Man,Adults,"(20, 30]"
371,0,3,male,18.0,1,0,Man,Childs,"(10, 20]"
372,0,3,male,19.0,0,0,Man,Adults,"(10, 20]"
373,0,1,male,22.0,0,0,Man,Adults,"(20, 30]"
374,0,3,female,3.0,3,1,child,Childs,"(0, 10]"
375,1,1,female,35.0,1,0,Woman,Adults,"(30, 40]"
376,1,3,female,22.0,0,0,Woman,Adults,"(20, 30]"
377,0,1,male,27.0,0,2,Man,Adults,"(20, 30]"
378,0,3,male,20.0,0,0,Man,Adults,"(10, 20]"
379,0,3,male,19.0,0,0,Man,Adults,"(10, 20]"
380,1,1,female,42.0,0,0,Woman,Seniors,"(40, 50]"
381,1,3,female,1.0,0,2,child,Childs,"(0, 10]"
382,0,3,male,32.0,0,0,Man,Adults,"(30, 40]"
383,1,1,female,35.0,1,0,Woman,Adults,"(30, 40]"
384,0,3,male,25.0,0,0,Man,Adults,"(20, 30]"
385,0,2,male,18.0,0,0,Man,Childs,"(10, 20]"
386,0,3,male,1.0,5,2,child,Childs,"(0, 10]"
387,1,2,female,36.0,0,0,Woman,Adults,"(30, 40]"
388,0,3,male,25.0,0,0,Man,Adults,"(20, 30]"
389,1,2,female,17.0,0,0,child,Childs,"(10, 20]"
390,1,1,male,36.0,1,2,Man,Adults,"(30, 40]"
391,1,3,male,21.0,0,0,Man,Adults,"(20, 30]"
392,0,3,male,28.0,2,0,Man,Adults,"(20, 30]"
393,1,1,female,23.0,1,0,Woman,Adults,"(20, 30]"
394,1,3,female,24.0,0,2,Woman,Adults,"(20, 30]"
395,0,3,male,22.0,0,0,Man,Adults,"(20, 30]"
396,0,3,female,31.0,0,0,Woman,Adults,"(30, 40]"
397,0,2,male,46.0,0,0,Man,Seniors,"(40, 50]"
398,0,2,male,23.0,0,0,Man,Adults,"(20, 30]"
399,1,2,female,28.0,0,0,Woman,Adults,"(20, 30]"
400,1,3,male,39.0,0,0,Man,Adults,"(30, 40]"
401,0,3,male,26.0,0,0,Man,Adults,"(20, 30]"
402,0,3,female,21.0,1,0,Woman,Adults,"(20, 30]"
403,0,3,male,28.0,1,0,Man,Adults,"(20, 30]"
404,0,3,female,20.0,0,0,Woman,Adults,"(10, 20]"
405,0,2,male,34.0,1,0,Man,Adults,"(30, 40]"
406,0,3,male,51.0,0,0,Man,Seniors,"(50, 60]"
407,1,2,male,3.0,1,1,child,Childs,"(0, 10]"
408,0,3,male,21.0,0,0,Man,Adults,"(20, 30]"
409,0,3,female,21.5,3,1,Woman,Adults,"(20, 30]"
410,0,3,male,25.0,0,0,Man,Adults,"(20, 30]"
411,0,3,male,25.0,0,0,Man,Adults,"(20, 30]"
412,1,1,female,33.0,1,0,Woman,Adults,"(30, 40]"
413,0,2,male,30.0,0,0,Man,Adults,"(20, 30]"
414,1,3,male,44.0,0,0,Man,Seniors,"(40, 50]"
415,0,3,female,21.5,0,0,Woman,Adults,"(20, 30]"
416,1,2,female,34.0,1,1,Woman,Adults,"(30, 40]"
417,1,2,female,18.0,0,2,Woman,Childs,"(10, 20]"
418,0,2,male,30.0,0,0,Man,Adults,"(20, 30]"
419,0,3,female,10.0,0,2,child,Childs,"(0, 10]"
420,0,3,male,25.0,0,0,Man,Adults,"(20, 30]"
421,0,3,male,21.0,0,0,Man,Adults,"(20, 30]"
422,0,3,male,29.0,0,0,Man,Adults,"(20, 30]"
423,0,3,female,28.0,1,1,Woman,Adults,"(20, 30]"
424,0,3,male,18.0,1,1,Man,Childs,"(10, 20]"
425,0,3,male,25.0,0,0,Man,Adults,"(20, 30]"
426,1,2,female,28.0,1,0,Woman,Adults,"(20, 30]"
427,1,2,female,19.0,0,0,Woman,Adults,"(10, 20]"
428,0,3,male,25.0,0,0,Man,Adults,"(20, 30]"
429,1,3,male,32.0,0,0,Man,Adults,"(30, 40]"
430,1,1,male,28.0,0,0,Man,Adults,"(20, 30]"
431,1,3,female,21.5,1,0,Woman,Adults,"(20, 30]"
432,1,2,female,42.0,1,0,Woman,Seniors,"(40, 50]"
433,0,3,male,17.0,0,0,child,Childs,"(10, 20]"
434,0,1,male,50.0,1,0,Man,Seniors,"(40, 50]"
435,1,1,female,14.0,1,2,child,Childs,"(10, 20]"
436,0,3,female,21.0,2,2,Woman,Adults,"(20, 30]"
437,1,2,female,24.0,2,3,Woman,Adults,"(20, 30]"
438,0,1,male,64.0,1,4,Man,Seniors,"(60, 70]"
439,0,2,male,31.0,0,0,Man,Adults,"(30, 40]"
440,1,2,female,45.0,1,1,Woman,Seniors,"(40, 50]"
441,0,3,male,20.0,0,0,Man,Adults,"(10, 20]"
442,0,3,male,25.0,1,0,Man,Adults,"(20, 30]"
443,1,2,female,28.0,0,0,Woman,Adults,"(20, 30]"
444,1,3,male,25.0,0,0,Man,Adults,"(20, 30]"
445,1,1,male,4.0,0,2,child,Childs,"(0, 10]"
446,1,2,female,13.0,0,1,child,Childs,"(10, 20]"
447,1,1,male,34.0,0,0,Man,Adults,"(30, 40]"
448,1,3,female,5.0,2,1,child,Childs,"(0, 10]"
449,1,1,male,52.0,0,0,Man,Seniors,"(50, 60]"
450,0,2,male,36.0,1,2,Man,Adults,"(30, 40]"
451,0,3,male,25.0,1,0,Man,Adults,"(20, 30]"
452,0,1,male,30.0,0,0,Man,Adults,"(20, 30]"
453,1,1,male,49.0,1,0,Man,Seniors,"(40, 50]"
454,0,3,male,25.0,0,0,Man,Adults,"(20, 30]"
455,1,3,male,29.0,0,0,Man,Adults,"(20, 30]"
456,0,1,male,65.0,0,0,Man,Seniors,"(60, 70]"
457,1,1,female,35.0,1,0,Woman,Adults,"(30, 40]"
458,1,2,female,50.0,0,0,Woman,Seniors,"(40, 50]"
459,0,3,male,25.0,0,0,Man,Adults,"(20, 30]"
460,1,1,male,48.0,0,0,Man,Seniors,"(40, 50]"
461,0,3,male,34.0,0,0,Man,Adults,"(30, 40]"
462,0,1,male,47.0,0,0,Man,Seniors,"(40, 50]"
463,0,2,male,48.0,0,0,Man,Seniors,"(40, 50]"
464,0,3,male,25.0,0,0,Man,Adults,"(20, 30]"
465,0,3,male,38.0,0,0,Man,Adults,"(30, 40]"
466,0,2,male,30.0,0,0,Man,Adults,"(20, 30]"
467,0,1,male,56.0,0,0,Man,Seniors,"(50, 60]"
468,0,3,male,25.0,0,0,Man,Adults,"(20, 30]"
469,1,3,female,0.75,2,1,child,Childs,"(0, 10]"
470,0,3,male,25.0,0,0,Man,Adults,"(20, 30]"
471,0,3,male,38.0,0,0,Man,Adults,"(30, 40]"
472,1,2,female,33.0,1,2,Woman,Adults,"(30, 40]"
473,1,2,female,23.0,0,0,Woman,Adults,"(20, 30]"
474,0,3,female,22.0,0,0,Woman,Adults,"(20, 30]"
475,0,1,male,40.0,0,0,Man,Adults,"(30, 40]"
476,0,2,male,34.0,1,0,Man,Adults,"(30, 40]"
477,0,3,male,29.0,1,0,Man,Adults,"(20, 30]"
478,0,3,male,22.0,0,0,Man,Adults,"(20, 30]"
479,1,3,female,2.0,0,1,child,Childs,"(0, 10]"
480,0,3,male,9.0,5,2,child,Childs,"(0, 10]"
481,0,2,male,30.0,0,0,Man,Adults,"(20, 30]"
482,0,3,male,50.0,0,0,Man,Seniors,"(40, 50]"
483,1,3,female,63.0,0,0,Woman,Seniors,"(60, 70]"
484,1,1,male,25.0,1,0,Man,Adults,"(20, 30]"
485,0,3,female,21.5,3,1,Woman,Adults,"(20, 30]"
486,1,1,female,35.0,1,0,Woman,Adults,"(30, 40]"
487,0,1,male,58.0,0,0,Man,Seniors,"(50, 60]"
488,0,3,male,30.0,0,0,Man,Adults,"(20, 30]"
489,1,3,male,9.0,1,1,child,Childs,"(0, 10]"
490,0,3,male,25.0,1,0,Man,Adults,"(20, 30]"
491,0,3,male,21.0,0,0,Man,Adults,"(20, 30]"
492,0,1,male,55.0,0,0,Man,Seniors,"(50, 60]"
493,0,1,male,71.0,0,0,Man,Seniors,"(70, 80]"
494,0,3,male,21.0,0,0,Man,Adults,"(20, 30]"
495,0,3,male,25.0,0,0,Man,Adults,"(20, 30]"
496,1,1,female,54.0,1,0,Woman,Seniors,"(50, 60]"
497,0,3,male,25.0,0,0,Man,Adults,"(20, 30]"
498,0,1,female,25.0,1,2,Woman,Adults,"(20, 30]"
499,0,3,male,24.0,0,0,Man,Adults,"(20, 30]"
500,0,3,male,17.0,0,0,child,Childs,"(10, 20]"
501,0,3,female,21.0,0,0,Woman,Adults,"(20, 30]"
502,0,3,female,21.5,0,0,Woman,Adults,"(20, 30]"
503,0,3,female,37.0,0,0,Woman,Adults,"(30, 40]"
504,1,1,female,16.0,0,0,child,Childs,"(10, 20]"
505,0,1,male,18.0,1,0,Man,Childs,"(10, 20]"
506,1,2,female,33.0,0,2,Woman,Adults,"(30, 40]"
507,1,1,male,40.0,0,0,Man,Adults,"(30, 40]"
508,0,3,male,28.0,0,0,Man,Adults,"(20, 30]"
509,1,3,male,26.0,0,0,Man,Adults,"(20, 30]"
510,1,3,male,29.0,0,0,Man,Adults,"(20, 30]"
511,0,3,male,25.0,0,0,Man,Adults,"(20, 30]"
512,1,1,male,36.0,0,0,Man,Adults,"(30, 40]"
513,1,1,female,54.0,1,0,Woman,Seniors,"(50, 60]"
514,0,3,male,24.0,0,0,Man,Adults,"(20, 30]"
515,0,1,male,47.0,0,0,Man,Seniors,"(40, 50]"
516,1,2,female,34.0,0,0,Woman,Adults,"(30, 40]"
517,0,3,male,25.0,0,0,Man,Adults,"(20, 30]"
518,1,2,female,36.0,1,0,Woman,Adults,"(30, 40]"
519,0,3,male,32.0,0,0,Man,Adults,"(30, 40]"
520,1,1,female,30.0,0,0,Woman,Adults,"(20, 30]"
521,0,3,male,22.0,0,0,Man,Adults,"(20, 30]"
522,0,3,male,25.0,0,0,Man,Adults,"(20, 30]"
523,1,1,female,44.0,0,1,Woman,Seniors,"(40, 50]"
524,0,3,male,25.0,0,0,Man,Adults,"(20, 30]"
525,0,3,male,40.5,0,0,Man,Seniors,"(40, 50]"
526,1,2,female,50.0,0,0,Woman,Seniors,"(40, 50]"
527,0,1,male,40.0,0,0,Man,Adults,"(30, 40]"
528,0,3,male,39.0,0,0,Man,Adults,"(30, 40]"
529,0,2,male,23.0,2,1,Man,Adults,"(20, 30]"
530,1,2,female,2.0,1,1,child,Childs,"(0, 10]"
531,0,3,male,25.0,0,0,Man,Adults,"(20, 30]"
532,0,3,male,17.0,1,1,child,Childs,"(10, 20]"
533,1,3,female,21.5,0,2,Woman,Adults,"(20, 30]"
534,0,3,female,30.0,0,0,Woman,Adults,"(20, 30]"
535,1,2,female,7.0,0,2,child,Childs,"(0, 10]"
536,0,1,male,45.0,0,0,Man,Seniors,"(40, 50]"
537,1,1,female,30.0,0,0,Woman,Adults,"(20, 30]"
538,0,3,male,25.0,0,0,Man,Adults,"(20, 30]"
539,1,1,female,22.0,0,2,Woman,Adults,"(20, 30]"
540,1,1,female,36.0,0,2,Woman,Adults,"(30, 40]"
541,0,3,female,9.0,4,2,child,Childs,"(0, 10]"
542,0,3,female,11.0,4,2,child,Childs,"(10, 20]"
543,1,2,male,32.0,1,0,Man,Adults,"(30, 40]"
544,0,1,male,50.0,1,0,Man,Seniors,"(40, 50]"
545,0,1,male,64.0,0,0,Man,Seniors,"(60, 70]"
546,1,2,female,19.0,1,0,Woman,Adults,"(10, 20]"
547,1,2,male,30.0,0,0,Man,Adults,"(20, 30]"
548,0,3,male,33.0,1,1,Man,Adults,"(30, 40]"
549,1,2,male,8.0,1,1,child,Childs,"(0, 10]"
550,1,1,male,17.0,0,2,child,Childs,"(10, 20]"
551,0,2,male,27.0,0,0,Man,Adults,"(20, 30]"
552,0,3,male,25.0,0,0,Man,Adults,"(20, 30]"
553,1,3,male,22.0,0,0,Man,Adults,"(20, 30]"
554,1,3,female,22.0,0,0,Woman,Adults,"(20, 30]"
555,0,1,male,62.0,0,0,Man,Seniors,"(60, 70]"
556,1,1,female,48.0,1,0,Woman,Seniors,"(40, 50]"
557,0,1,male,40.0,0,0,Man,Adults,"(30, 40]"
558,1,1,female,39.0,1,1,Woman,Adults,"(30, 40]"
559,1,3,female,36.0,1,0,Woman,Adults,"(30, 40]"
560,0,3,male,25.0,0,0,Man,Adults,"(20, 30]"
561,0,3,male,40.0,0,0,Man,Adults,"(30, 40]"
562,0,2,male,28.0,0,0,Man,Adults,"(20, 30]"
563,0,3,male,25.0,0,0,Man,Adults,"(20, 30]"
564,0,3,female,21.5,0,0,Woman,Adults,"(20, 30]"
565,0,3,male,24.0,2,0,Man,Adults,"(20, 30]"
566,0,3,male,19.0,0,0,Man,Adults,"(10, 20]"
567,0,3,female,29.0,0,4,Woman,Adults,"(20, 30]"
568,0,3,male,25.0,0,0,Man,Adults,"(20, 30]"
569,1,3,male,32.0,0,0,Man,Adults,"(30, 40]"
570,1,2,male,62.0,0,0,Man,Seniors,"(60, 70]"
571,1,1,female,53.0,2,0,Woman,Seniors,"(50, 60]"
572,1,1,male,36.0,0,0,Man,Adults,"(30, 40]"
573,1,3,female,21.5,0,0,Woman,Adults,"(20, 30]"
574,0,3,male,16.0,0,0,child,Childs,"(10, 20]"
575,0,3,male,19.0,0,0,Man,Adults,"(10, 20]"
576,1,2,female,34.0,0,0,Woman,Adults,"(30, 40]"
577,1,1,female,39.0,1,0,Woman,Adults,"(30, 40]"
578,0,3,female,21.5,1,0,Woman,Adults,"(20, 30]"
579,1,3,male,32.0,0,0,Man,Adults,"(30, 40]"
580,1,2,female,25.0,1,1,Woman,Adults,"(20, 30]"
581,1,1,female,39.0,1,1,Woman,Adults,"(30, 40]"
582,0,2,male,54.0,0,0,Man,Seniors,"(50, 60]"
583,0,1,male,36.0,0,0,Man,Adults,"(30, 40]"
584,0,3,male,25.0,0,0,Man,Adults,"(20, 30]"
585,1,1,female,18.0,0,2,Woman,Childs,"(10, 20]"
586,0,2,male,47.0,0,0,Man,Seniors,"(40, 50]"
587,1,1,male,60.0,1,1,Man,Seniors,"(50, 60]"
588,0,3,male,22.0,0,0,Man,Adults,"(20, 30]"
589,0,3,male,25.0,0,0,Man,Adults,"(20, 30]"
590,0,3,male,35.0,0,0,Man,Adults,"(30, 40]"
591,1,1,female,52.0,1,0,Woman,Seniors,"(50, 60]"
592,0,3,male,47.0,0,0,Man,Seniors,"(40, 50]"
593,0,3,female,21.5,0,2,Woman,Adults,"(20, 30]"
594,0,2,male,37.0,1,0,Man,Adults,"(30, 40]"
595,0,3,male,36.0,1,1,Man,Adults,"(30, 40]"
596,1,2,female,28.0,0,0,Woman,Adults,"(20, 30]"
597,0,3,male,49.0,0,0,Man,Seniors,"(40, 50]"
598,0,3,male,25.0,0,0,Man,Adults,"(20, 30]"
599,1,1,male,49.0,1,0,Man,Seniors,"(40, 50]"
600,1,2,female,24.0,2,1,Woman,Adults,"(20, 30]"
601,0,3,male,25.0,0,0,Man,Adults,"(20, 30]"
602,0,1,male,40.0,0,0,Man,Adults,"(30, 40]"
603,0,3,male,44.0,0,0,Man,Seniors,"(40, 50]"
604,1,1,male,35.0,0,0,Man,Adults,"(30, 40]"
605,0,3,male,36.0,1,0,Man,Adults,"(30, 40]"
606,0,3,male,30.0,0,0,Man,Adults,"(20, 30]"
607,1,1,male,27.0,0,0,Man,Adults,"(20, 30]"
608,1,2,female,22.0,1,2,Woman,Adults,"(20, 30]"
609,1,1,female,40.0,0,0,Woman,Adults,"(30, 40]"
610,0,3,female,39.0,1,5,Woman,Adults,"(30, 40]"
611,0,3,male,25.0,0,0,Man,Adults,"(20, 30]"
612,1,3,female,21.5,1,0,Woman,Adults,"(20, 30]"
613,0,3,male,25.0,0,0,Man,Adults,"(20, 30]"
614,0,3,male,35.0,0,0,Man,Adults,"(30, 40]"
615,1,2,female,24.0,1,2,Woman,Adults,"(20, 30]"
616,0,3,male,34.0,1,1,Man,Adults,"(30, 40]"
617,0,3,female,26.0,1,0,Woman,Adults,"(20, 30]"
618,1,2,female,4.0,2,1,child,Childs,"(0, 10]"
619,0,2,male,26.0,0,0,Man,Adults,"(20, 30]"
620,0,3,male,27.0,1,0,Man,Adults,"(20, 30]"
621,1,1,male,42.0,1,0,Man,Seniors,"(40, 50]"
622,1,3,male,20.0,1,1,Man,Adults,"(10, 20]"
623,0,3,male,21.0,0,0,Man,Adults,"(20, 30]"
624,0,3,male,21.0,0,0,Man,Adults,"(20, 30]"
625,0,1,male,61.0,0,0,Man,Seniors,"(60, 70]"
626,0,2,male,57.0,0,0,Man,Seniors,"(50, 60]"
627,1,1,female,21.0,0,0,Woman,Adults,"(20, 30]"
628,0,3,male,26.0,0,0,Man,Adults,"(20, 30]"
629,0,3,male,25.0,0,0,Man,Adults,"(20, 30]"
630,1,1,male,80.0,0,0,Man,Seniors,"(70, 80]"
631,0,3,male,51.0,0,0,Man,Seniors,"(50, 60]"
632,1,1,male,32.0,0,0,Man,Adults,"(30, 40]"
633,0,1,male,40.0,0,0,Man,Adults,"(30, 40]"
634,0,3,female,9.0,3,2,child,Childs,"(0, 10]"
635,1,2,female,28.0,0,0,Woman,Adults,"(20, 30]"
636,0,3,male,32.0,0,0,Man,Adults,"(30, 40]"
637,0,2,male,31.0,1,1,Man,Adults,"(30, 40]"
638,0,3,female,41.0,0,5,Woman,Seniors,"(40, 50]"
639,0,3,male,25.0,1,0,Man,Adults,"(20, 30]"
640,0,3,male,20.0,0,0,Man,Adults,"(10, 20]"
641,1,1,female,24.0,0,0,Woman,Adults,"(20, 30]"
642,0,3,female,2.0,3,2,child,Childs,"(0, 10]"
643,1,3,male,25.0,0,0,Man,Adults,"(20, 30]"
644,1,3,female,0.75,2,1,child,Childs,"(0, 10]"
645,1,1,male,48.0,1,0,Man,Seniors,"(40, 50]"
646,0,3,male,19.0,0,0,Man,Adults,"(10, 20]"
647,1,1,male,56.0,0,0,Man,Seniors,"(50, 60]"
648,0,3,male,25.0,0,0,Man,Adults,"(20, 30]"
649,1,3,female,23.0,0,0,Woman,Adults,"(20, 30]"
650,0,3,male,25.0,0,0,Man,Adults,"(20, 30]"
651,1,2,female,18.0,0,1,Woman,Childs,"(10, 20]"
652,0,3,male,21.0,0,0,Man,Adults,"(20, 30]"
653,1,3,female,21.5,0,0,Woman,Adults,"(20, 30]"
654,0,3,female,18.0,0,0,Woman,Childs,"(10, 20]"
655,0,2,male,24.0,2,0,Man,Adults,"(20, 30]"
656,0,3,male,25.0,0,0,Man,Adults,"(20, 30]"
657,0,3,female,32.0,1,1,Woman,Adults,"(30, 40]"
658,0,2,male,23.0,0,0,Man,Adults,"(20, 30]"
659,0,1,male,58.0,0,2,Man,Seniors,"(50, 60]"
660,1,1,male,50.0,2,0,Man,Seniors,"(40, 50]"
661,0,3,male,40.0,0,0,Man,Adults,"(30, 40]"
662,0,1,male,47.0,0,0,Man,Seniors,"(40, 50]"
663,0,3,male,36.0,0,0,Man,Adults,"(30, 40]"
664,1,3,male,20.0,1,0,Man,Adults,"(10, 20]"
665,0,2,male,32.0,2,0,Man,Adults,"(30, 40]"
666,0,2,male,25.0,0,0,Man,Adults,"(20, 30]"
667,0,3,male,25.0,0,0,Man,Adults,"(20, 30]"
668,0,3,male,43.0,0,0,Man,Seniors,"(40, 50]"
669,1,1,female,35.0,1,0,Woman,Adults,"(30, 40]"
670,1,2,female,40.0,1,1,Woman,Adults,"(30, 40]"
671,0,1,male,31.0,1,0,Man,Adults,"(30, 40]"
672,0,2,male,70.0,0,0,Man,Seniors,"(60, 70]"
673,1,2,male,31.0,0,0,Man,Adults,"(30, 40]"
674,0,2,male,30.0,0,0,Man,Adults,"(20, 30]"
675,0,3,male,18.0,0,0,Man,Childs,"(10, 20]"
676,0,3,male,24.5,0,0,Man,Adults,"(20, 30]"
677,1,3,female,18.0,0,0,Woman,Childs,"(10, 20]"
678,0,3,female,43.0,1,6,Woman,Seniors,"(40, 50]"
679,1,1,male,36.0,0,1,Man,Adults,"(30, 40]"
680,0,3,female,21.5,0,0,Woman,Adults,"(20, 30]"
681,1,1,male,27.0,0,0,Man,Adults,"(20, 30]"
682,0,3,male,20.0,0,0,Man,Adults,"(10, 20]"
683,0,3,male,14.0,5,2,child,Childs,"(10, 20]"
684,0,2,male,60.0,1,1,Man,Seniors,"(50, 60]"
685,0,2,male,25.0,1,2,Man,Adults,"(20, 30]"
686,0,3,male,14.0,4,1,child,Childs,"(10, 20]"
687,0,3,male,19.0,0,0,Man,Adults,"(10, 20]"
688,0,3,male,18.0,0,0,Man,Childs,"(10, 20]"
689,1,1,female,15.0,0,1,child,Childs,"(10, 20]"
690,1,1,male,31.0,1,0,Man,Adults,"(30, 40]"
691,1,3,female,4.0,0,1,child,Childs,"(0, 10]"
692,1,3,male,25.0,0,0,Man,Adults,"(20, 30]"
693,0,3,male,25.0,0,0,Man,Adults,"(20, 30]"
694,0,1,male,60.0,0,0,Man,Seniors,"(50, 60]"
695,0,2,male,52.0,0,0,Man,Seniors,"(50, 60]"
696,0,3,male,44.0,0,0,Man,Seniors,"(40, 50]"
697,1,3,female,21.5,0,0,Woman,Adults,"(20, 30]"
698,0,1,male,49.0,1,1,Man,Seniors,"(40, 50]"
699,0,3,male,42.0,0,0,Man,Seniors,"(40, 50]"
700,1,1,female,18.0,1,0,Woman,Childs,"(10, 20]"
701,1,1,male,35.0,0,0,Man,Adults,"(30, 40]"
702,0,3,female,18.0,0,1,Woman,Childs,"(10, 20]"
703,0,3,male,25.0,0,0,Man,Adults,"(20, 30]"
704,0,3,male,26.0,1,0,Man,Adults,"(20, 30]"
705,0,2,male,39.0,0,0,Man,Adults,"(30, 40]"
706,1,2,female,45.0,0,0,Woman,Seniors,"(40, 50]"
707,1,1,male,42.0,0,0,Man,Seniors,"(40, 50]"
708,1,1,female,22.0,0,0,Woman,Adults,"(20, 30]"
709,1,3,male,25.0,1,1,Man,Adults,"(20, 30]"
710,1,1,female,24.0,0,0,Woman,Adults,"(20, 30]"
711,0,1,male,40.0,0,0,Man,Adults,"(30, 40]"
712,1,1,male,48.0,1,0,Man,Seniors,"(40, 50]"
713,0,3,male,29.0,0,0,Man,Adults,"(20, 30]"
714,0,2,male,52.0,0,0,Man,Seniors,"(50, 60]"
715,0,3,male,19.0,0,0,Man,Adults,"(10, 20]"
716,1,1,female,38.0,0,0,Woman,Adults,"(30, 40]"
717,1,2,female,27.0,0,0,Woman,Adults,"(20, 30]"
718,0,3,male,25.0,0,0,Man,Adults,"(20, 30]"
719,0,3,male,33.0,0,0,Man,Adults,"(30, 40]"
720,1,2,female,6.0,0,1,child,Childs,"(0, 10]"
721,0,3,male,17.0,1,0,child,Childs,"(10, 20]"
722,0,2,male,34.0,0,0,Man,Adults,"(30, 40]"
723,0,2,male,50.0,0,0,Man,Seniors,"(40, 50]"
724,1,1,male,27.0,1,0,Man,Adults,"(20, 30]"
725,0,3,male,20.0,0,0,Man,Adults,"(10, 20]"
726,1,2,female,30.0,3,0,Woman,Adults,"(20, 30]"
727,1,3,female,21.5,0,0,Woman,Adults,"(20, 30]"
728,0,2,male,25.0,1,0,Man,Adults,"(20, 30]"
729,0,3,female,25.0,1,0,Woman,Adults,"(20, 30]"
730,1,1,female,29.0,0,0,Woman,Adults,"(20, 30]"
731,0,3,male,11.0,0,0,child,Childs,"(10, 20]"
732,0,2,male,30.0,0,0,Man,Adults,"(20, 30]"
733,0,2,male,23.0,0,0,Man,Adults,"(20, 30]"
734,0,2,male,23.0,0,0,Man,Adults,"(20, 30]"
735,0,3,male,28.5,0,0,Man,Adults,"(20, 30]"
736,0,3,female,48.0,1,3,Woman,Seniors,"(40, 50]"
737,1,1,male,35.0,0,0,Man,Adults,"(30, 40]"
738,0,3,male,25.0,0,0,Man,Adults,"(20, 30]"
739,0,3,male,25.0,0,0,Man,Adults,"(20, 30]"
740,1,1,male,40.0,0,0,Man,Adults,"(30, 40]"
741,0,1,male,36.0,1,0,Man,Adults,"(30, 40]"
742,1,1,female,21.0,2,2,Woman,Adults,"(20, 30]"
743,0,3,male,24.0,1,0,Man,Adults,"(20, 30]"
744,1,3,male,31.0,0,0,Man,Adults,"(30, 40]"
745,0,1,male,70.0,1,1,Man,Seniors,"(60, 70]"
746,0,3,male,16.0,1,1,child,Childs,"(10, 20]"
747,1,2,female,30.0,0,0,Woman,Adults,"(20, 30]"
748,0,1,male,19.0,1,0,Man,Adults,"(10, 20]"
749,0,3,male,31.0,0,0,Man,Adults,"(30, 40]"
750,1,2,female,4.0,1,1,child,Childs,"(0, 10]"
751,1,3,male,6.0,0,1,child,Childs,"(0, 10]"
752,0,3,male,33.0,0,0,Man,Adults,"(30, 40]"
753,0,3,male,23.0,0,0,Man,Adults,"(20, 30]"
754,1,2,female,48.0,1,2,Woman,Seniors,"(40, 50]"
755,1,2,male,0.67,1,1,child,Childs,"(0, 10]"
756,0,3,male,28.0,0,0,Man,Adults,"(20, 30]"
757,0,2,male,18.0,0,0,Man,Childs,"(10, 20]"
758,0,3,male,34.0,0,0,Man,Adults,"(30, 40]"
759,1,1,female,33.0,0,0,Woman,Adults,"(30, 40]"
760,0,3,male,25.0,0,0,Man,Adults,"(20, 30]"
761,0,3,male,41.0,0,0,Man,Seniors,"(40, 50]"
762,1,3,male,20.0,0,0,Man,Adults,"(10, 20]"
763,1,1,female,36.0,1,2,Woman,Adults,"(30, 40]"
764,0,3,male,16.0,0,0,child,Childs,"(10, 20]"
765,1,1,female,51.0,1,0,Woman,Seniors,"(50, 60]"
766,0,1,male,40.0,0,0,Man,Adults,"(30, 40]"
767,0,3,female,30.5,0,0,Woman,Adults,"(30, 40]"
768,0,3,male,25.0,1,0,Man,Adults,"(20, 30]"
769,0,3,male,32.0,0,0,Man,Adults,"(30, 40]"
770,0,3,male,24.0,0,0,Man,Adults,"(20, 30]"
771,0,3,male,48.0,0,0,Man,Seniors,"(40, 50]"
772,0,2,female,57.0,0,0,Woman,Seniors,"(50, 60]"
773,0,3,male,25.0,0,0,Man,Adults,"(20, 30]"
774,1,2,female,54.0,1,3,Woman,Seniors,"(50, 60]"
775,0,3,male,18.0,0,0,Man,Childs,"(10, 20]"
776,0,3,male,25.0,0,0,Man,Adults,"(20, 30]"
777,1,3,female,5.0,0,0,child,Childs,"(0, 10]"
778,0,3,male,25.0,0,0,Man,Adults,"(20, 30]"
779,1,1,female,43.0,0,1,Woman,Seniors,"(40, 50]"
780,1,3,female,13.0,0,0,child,Childs,"(10, 20]"
781,1,1,female,17.0,1,0,child,Childs,"(10, 20]"
782,0,1,male,29.0,0,0,Man,Adults,"(20, 30]"
783,0,3,male,25.0,1,2,Man,Adults,"(20, 30]"
784,0,3,male,25.0,0,0,Man,Adults,"(20, 30]"
785,0,3,male,25.0,0,0,Man,Adults,"(20, 30]"
786,1,3,female,18.0,0,0,Woman,Childs,"(10, 20]"
787,0,3,male,8.0,4,1,child,Childs,"(0, 10]"
788,1,3,male,1.0,1,2,child,Childs,"(0, 10]"
789,0,1,male,46.0,0,0,Man,Seniors,"(40, 50]"
790,0,3,male,25.0,0,0,Man,Adults,"(20, 30]"
791,0,2,male,16.0,0,0,child,Childs,"(10, 20]"
792,0,3,female,21.5,8,2,Woman,Adults,"(20, 30]"
793,0,1,male,40.0,0,0,Man,Adults,"(30, 40]"
794,0,3,male,25.0,0,0,Man,Adults,"(20, 30]"
795,0,2,male,39.0,0,0,Man,Adults,"(30, 40]"
796,1,1,female,49.0,0,0,Woman,Seniors,"(40, 50]"
797,1,3,female,31.0,0,0,Woman,Adults,"(30, 40]"
798,0,3,male,30.0,0,0,Man,Adults,"(20, 30]"
799,0,3,female,30.0,1,1,Woman,Adults,"(20, 30]"
800,0,2,male,34.0,0,0,Man,Adults,"(30, 40]"
801,1,2,female,31.0,1,1,Woman,Adults,"(30, 40]"
802,1,1,male,11.0,1,2,child,Childs,"(10, 20]"
803,1,3,male,0.42,0,1,child,Childs,"(0, 10]"
804,1,3,male,27.0,0,0,Man,Adults,"(20, 30]"
805,0,3,male,31.0,0,0,Man,Adults,"(30, 40]"
806,0,1,male,39.0,0,0,Man,Adults,"(30, 40]"
807,0,3,female,18.0,0,0,Woman,Childs,"(10, 20]"
808,0,2,male,39.0,0,0,Man,Adults,"(30, 40]"
809,1,1,female,33.0,1,0,Woman,Adults,"(30, 40]"
810,0,3,male,26.0,0,0,Man,Adults,"(20, 30]"
811,0,3,male,39.0,0,0,Man,Adults,"(30, 40]"
812,0,2,male,35.0,0,0,Man,Adults,"(30, 40]"
813,0,3,female,6.0,4,2,child,Childs,"(0, 10]"
814,0,3,male,30.5,0,0,Man,Adults,"(30, 40]"
815,0,1,male,40.0,0,0,Man,Adults,"(30, 40]"
816,0,3,female,23.0,0,0,Woman,Adults,"(20, 30]"
817,0,2,male,31.0,1,1,Man,Adults,"(30, 40]"
818,0,3,male,43.0,0,0,Man,Seniors,"(40, 50]"
819,0,3,male,10.0,3,2,child,Childs,"(0, 10]"
820,1,1,female,52.0,1,1,Woman,Seniors,"(50, 60]"
821,1,3,male,27.0,0,0,Man,Adults,"(20, 30]"
822,0,1,male,38.0,0,0,Man,Adults,"(30, 40]"
823,1,3,female,27.0,0,1,Woman,Adults,"(20, 30]"
824,0,3,male,2.0,4,1,child,Childs,"(0, 10]"
825,0,3,male,25.0,0,0,Man,Adults,"(20, 30]"
826,0,3,male,25.0,0,0,Man,Adults,"(20, 30]"
827,1,2,male,1.0,0,2,child,Childs,"(0, 10]"
828,1,3,male,25.0,0,0,Man,Adults,"(20, 30]"
829,1,1,female,62.0,0,0,Woman,Seniors,"(60, 70]"
830,1,3,female,15.0,1,0,child,Childs,"(10, 20]"
831,1,2,male,0.83,1,1,child,Childs,"(0, 10]"
832,0,3,male,25.0,0,0,Man,Adults,"(20, 30]"
833,0,3,male,23.0,0,0,Man,Adults,"(20, 30]"
834,0,3,male,18.0,0,0,Man,Childs,"(10, 20]"
835,1,1,female,39.0,1,1,Woman,Adults,"(30, 40]"
836,0,3,male,21.0,0,0,Man,Adults,"(20, 30]"
837,0,3,male,25.0,0,0,Man,Adults,"(20, 30]"
838,1,3,male,32.0,0,0,Man,Adults,"(30, 40]"
839,1,1,male,40.0,0,0,Man,Adults,"(30, 40]"
840,0,3,male,20.0,0,0,Man,Adults,"(10, 20]"
841,0,2,male,16.0,0,0,child,Childs,"(10, 20]"
842,1,1,female,30.0,0,0,Woman,Adults,"(20, 30]"
843,0,3,male,34.5,0,0,Man,Adults,"(30, 40]"
844,0,3,male,17.0,0,0,child,Childs,"(10, 20]"
845,0,3,male,42.0,0,0,Man,Seniors,"(40, 50]"
846,0,3,male,25.0,8,2,Man,Adults,"(20, 30]"
847,0,3,male,35.0,0,0,Man,Adults,"(30, 40]"
848,0,2,male,28.0,0,1,Man,Adults,"(20, 30]"
849,1,1,female,35.0,1,0,Woman,Adults,"(30, 40]"
850,0,3,male,4.0,4,2,child,Childs,"(0, 10]"
851,0,3,male,74.0,0,0,Man,Seniors,"(70, 80]"
852,0,3,female,9.0,1,1,child,Childs,"(0, 10]"
853,1,1,female,16.0,0,1,child,Childs,"(10, 20]"
854,0,2,female,44.0,1,0,Woman,Seniors,"(40, 50]"
855,1,3,female,18.0,0,1,Woman,Childs,"(10, 20]"
856,1,1,female,45.0,1,1,Woman,Seniors,"(40, 50]"
857,1,1,male,51.0,0,0,Man,Seniors,"(50, 60]"
858,1,3,female,24.0,0,3,Woman,Adults,"(20, 30]"
859,0,3,male,25.0,0,0,Man,Adults,"(20, 30]"
860,0,3,male,41.0,2,0,Man,Seniors,"(40, 50]"
861,0,2,male,21.0,1,0,Man,Adults,"(20, 30]"
862,1,1,female,48.0,0,0,Woman,Seniors,"(40, 50]"
863,0,3,female,21.5,8,2,Woman,Adults,"(20, 30]"
864,0,2,male,24.0,0,0,Man,Adults,"(20, 30]"
865,1,2,female,42.0,0,0,Woman,Seniors,"(40, 50]"
866,1,2,female,27.0,1,0,Woman,Adults,"(20, 30]"
867,0,1,male,31.0,0,0,Man,Adults,"(30, 40]"
868,0,3,male,25.0,0,0,Man,Adults,"(20, 30]"
869,1,3,male,4.0,1,1,child,Childs,"(0, 10]"
870,0,3,male,26.0,0,0,Man,Adults,"(20, 30]"
871,1,1,female,47.0,1,1,Woman,Seniors,"(40, 50]"
872,0,1,male,33.0,0,0,Man,Adults,"(30, 40]"
873,0,3,male,47.0,0,0,Man,Seniors,"(40, 50]"
874,1,2,female,28.0,1,0,Woman,Adults,"(20, 30]"
875,1,3,female,15.0,0,0,child,Childs,"(10, 20]"
876,0,3,male,20.0,0,0,Man,Adults,"(10, 20]"
877,0,3,male,19.0,0,0,Man,Adults,"(10, 20]"
878,0,3,male,25.0,0,0,Man,Adults,"(20, 30]"
879,1,1,female,56.0,0,1,Woman,Seniors,"(50, 60]"
880,1,2,female,25.0,0,1,Woman,Adults,"(20, 30]"
881,0,3,male,33.0,0,0,Man,Adults,"(30, 40]"
882,0,3,female,22.0,0,0,Woman,Adults,"(20, 30]"
883,0,2,male,28.0,0,0,Man,Adults,"(20, 30]"
884,0,3,male,25.0,0,0,Man,Adults,"(20, 30]"
885,0,3,female,39.0,0,5,Woman,Adults,"(30, 40]"
886,0,2,male,27.0,0,0,Man,Adults,"(20, 30]"
887,1,1,female,19.0,0,0,Woman,Adults,"(10, 20]"
888,0,3,female,21.5,1,2,Woman,Adults,"(20, 30]"
889,1,1,male,26.0,0,0,Man,Adults,"(20, 30]"
890,0,3,male,32.0,0,0,Man,Adults,"(30, 40]"
